category,name,svg,png_variants
logos,baz-mark,logos/baz-mark.svg,logos/baz-mark-128.png;logos/baz-mark-256.png;logos/baz-mark-512.png;logos/baz-mark-64.png
logos,boi-mark-placeholder,logos/boi-mark-placeholder.svg,logos/boi-mark-placeholder.png
logos,boi-wordmark-placeholder,logos/boi-wordmark-placeholder.svg,logos/boi-wordmark-placeholder.png
icons/product,credit-card,icons/product/credit-card.svg,icons/product/credit-card-128.png;icons/product/credit-card-64.png
icons/product,current-account,icons/product/current-account.svg,icons/product/current-account-128.png;icons/product/current-account-64.png
icons/product,investing,icons/product/investing.svg,icons/product/investing-128.png;icons/product/investing-64.png
icons/product,loan,icons/product/loan.svg,icons/product/loan-128.png;icons/product/loan-64.png
icons/product,mortgage,icons/product/mortgage.svg,icons/product/mortgage-128.png;icons/product/mortgage-64.png
icons/product,pension,icons/product/pension.svg,icons/product/pension-128.png;icons/product/pension-64.png
icons/product,protection,icons/product/protection.svg,icons/product/protection-128.png;icons/product/protection-64.png
icons/product,savings,icons/product/savings.svg,icons/product/savings-128.png;icons/product/savings-64.png
icons/navigation,accounts,icons/navigation/accounts.svg,icons/navigation/accounts-64.png
icons/navigation,baz,icons/navigation/baz.svg,icons/navigation/baz-64.png
icons/navigation,home,icons/navigation/home.svg,icons/navigation/home-64.png
icons/navigation,more,icons/navigation/more.svg,icons/navigation/more-64.png
icons/navigation,products,icons/navigation/products.svg,icons/navigation/products-64.png
icons/navigation,support,icons/navigation/support.svg,icons/navigation/support-64.png
icons/status,approved,icons/status/approved.svg,icons/status/approved-64.png
icons/status,error,icons/status/error.svg,icons/status/error-64.png
icons/status,in-progress,icons/status/in-progress.svg,icons/status/in-progress-64.png
icons/status,paused,icons/status/paused.svg,icons/status/paused-64.png
icons/status,under-review,icons/status/under-review.svg,icons/status/under-review-64.png
icons/status,waiting,icons/status/waiting.svg,icons/status/waiting-64.png
icons/status,warning,icons/status/warning.svg,icons/status/warning-64.png
icons/utility,calendar,icons/utility/calendar.svg,icons/utility/calendar-64.png
icons/utility,chat,icons/utility/chat.svg,icons/utility/chat-64.png
icons/utility,chevron-down,icons/utility/chevron-down.svg,icons/utility/chevron-down-64.png
icons/utility,chevron-left,icons/utility/chevron-left.svg,icons/utility/chevron-left-64.png
icons/utility,chevron-right,icons/utility/chevron-right.svg,icons/utility/chevron-right-64.png
icons/utility,close,icons/utility/close.svg,icons/utility/close-64.png
icons/utility,document,icons/utility/document.svg,icons/utility/document-64.png
icons/utility,download,icons/utility/download.svg,icons/utility/download-64.png
icons/utility,info,icons/utility/info.svg,icons/utility/info-64.png
icons/utility,link,icons/utility/link.svg,icons/utility/link-64.png
icons/utility,menu,icons/utility/menu.svg,icons/utility/menu-64.png
icons/utility,notification,icons/utility/notification.svg,icons/utility/notification-64.png
icons/utility,search,icons/utility/search.svg,icons/utility/search-64.png
icons/utility,settings,icons/utility/settings.svg,icons/utility/settings-64.png
icons/utility,upload,icons/utility/upload.svg,icons/utility/upload-64.png
icons/utility,user,icons/utility/user.svg,icons/utility/user-64.png
illustrations,application-progress,illustrations/application-progress.svg,illustrations/application-progress.png
illustrations,document-upload,illustrations/document-upload.svg,illustrations/document-upload.png
illustrations,hero-coast-family,illustrations/hero-coast-family.svg,illustrations/hero-coast-family.png
illustrations,home-property,illustrations/home-property.svg,illustrations/home-property.png
illustrations,partner-invitation,illustrations/partner-invitation.svg,illustrations/partner-invitation.png
illustrations,protection-security,illustrations/protection-security.svg,illustrations/protection-security.png
backgrounds,hero-gradient,backgrounds/hero-gradient.svg,backgrounds/hero-gradient.png
backgrounds,subtle-grid,backgrounds/subtle-grid.svg,backgrounds/subtle-grid.png
avatars,customer,avatars/customer.svg,avatars/customer.png
avatars,partner,avatars/partner.svg,avatars/partner.png
app-icons,baz-app-icon,app-icons/baz-app-icon.svg,app-icons/baz-app-icon-1024.png;app-icons/baz-app-icon-128.png;app-icons/baz-app-icon-180.png;app-icons/baz-app-icon-192.png;app-icons/baz-app-icon-32.png;app-icons/baz-app-icon-512.png;app-icons/baz-app-icon-64.png
app-icons,boi-poc-app-icon,app-icons/boi-poc-app-icon.svg,app-icons/boi-poc-app-icon-1024.png;app-icons/boi-poc-app-icon-128.png;app-icons/boi-poc-app-icon-180.png;app-icons/boi-poc-app-icon-192.png;app-icons/boi-poc-app-icon-32.png;app-icons/boi-poc-app-icon-512.png;app-icons/boi-poc-app-icon-64.png